phase,epoch,lr,train_loss,train_acc,val_loss,val_acc,secs
head,1,0.00075,1.7022,0.6069,1.409,0.725,59.0
head,2,0.00025,1.3937,0.727,1.3818,0.735,28.8
head,3,0.0,1.2413,0.7868,1.2983,0.7705,28.8
full,1,9.938e-05,1.1136,0.8432,1.1654,0.822,33.7
full,2,9.755e-05,0.9757,0.9016,1.1188,0.8345,32.5
full,3,9.455e-05,0.9026,0.9329,1.0997,0.84,30.8
full,4,9.045e-05,0.847,0.9532,1.0939,0.8445,30.7
full,5,8.536e-05,0.8086,0.9654,1.0918,0.846,30.8
full,6,7.939e-05,0.7766,0.979,1.0804,0.8465,31.2
full,7,7.27e-05,0.7527,0.9852,1.0731,0.855,30.4
full,8,6.545e-05,0.7388,0.9902,1.0638,0.8535,30.4
full,9,5.782e-05,0.7246,0.9923,1.0712,0.8525,31.4
full,10,5e-05,0.7114,0.9939,1.0687,0.8505,31.2
full,11,4.218e-05,0.7027,0.9962,1.057,0.853,30.2
